{
"lengthUnit": "mil",
"remark": [],
"components": {
	"fields": ["COMPONENT_NO", "COMPONENT_NAME", "LAYER", "X_COORDINATE", "Y_COORDINATE", "ANGLE"],
	"rows": [
		[1, "1", "T", 455, -660, 0],
		[2, "BT1", "T", 2340, -840, 0],
		[3, "BUZZER1", "T", 315, -1685, 0],
		[4, "C1", "T", 455.672, -1228.649, 0],
		[5, "C2", "T", 1359.012, -846.3654, 0],
		[6, "C3", "T", 1644.406, -846.3654, 0],
		[7, "D1", "T", 2900, -1525, 270],
		[8, "D2", "T", 3230, -1525, 270],
		[9, "H1", "T", 3115, -1055, 0],
		[10, "H2", "T", 3115, -1205, 180],
		[11, "LED1", "T", 455, -1105, 0],
		[12, "R1", "T", 680, -1165, 270],
		[13, "R2", "T", 3020, -1640, 270],
		[14, "R3", "T", 3150, -1640, 270],
		[15, "R4", "T", 1405, -1420, 270],
		[16, "R5", "T", 1505, -1420, 270],
		[17, "U1", "T", 1480, -415, 0],
		[18, "U2", "T", 1480, -1130, 180],
		[19, "USB1", "T", 3075, -1820, 0],
		[20, "X1", "T", 1501.709, -846.3654, 0],
		[21, "PAD1", "T", 495.042, -1228.649, 0],
		[22, "PAD2", "T", 416.302, -1228.649, 0],
		[23, "PAD3", "T", 413.65, -1105, 0],
		[24, "PAD4", "T", 496.35, -1105, 0],
		[25, "PAD5", "T", 680, -1204.37, 0],
		[26, "PAD6", "T", 680, -1125.63, 0],
		[27, "PAD7", "T", 1460.321, -440.592, 0],
		[28, "PAD8", "T", 1480.001, -440.592, 0],
		[29, "PAD9", "T", 1503.621, -415.002, 0],
		[30, "PAD10", "T", 1480.001, -389.412, 0],
		[31, "PAD11", "T", 1460.321, -389.412, 0],
		[32, "PAD12", "T", 1456.381, -415.002, 0],
		[33, "PAD13", "T", 2740.59, -840, 0],
		[34, "PAD13", "B", 2740.59, -840, 0],
		[35, "PAD14", "T", 1939.41, -840, 0],
		[36, "PAD14", "B", 1939.41, -840, 0],
		[37, "PAD15", "T", 492.184, -1685, 0],
		[38, "PAD16", "T", 137.824, -1685, 0],
		[39, "PAD17", "T", 1380.472, -846.3654, 0],
		[40, "PAD18", "T", 1337.552, -846.3654, 0],
		[41, "PAD19", "T", 1665.866, -846.3654, 0],
		[42, "PAD20", "T", 1622.946, -846.3654, 0],
		[43, "PAD21", "T", 2900, -1591.93, 0],
		[44, "PAD22", "T", 2900, -1458.07, 0],
		[45, "PAD23", "T", 3230, -1591.93, 0],
		[46, "PAD24", "T", 3230, -1458.07, 0],
		[47, "PAD25", "T", 3015, -1055, 0],
		[48, "PAD25", "B", 3015, -1055, 0],
		[49, "PAD26", "T", 3115, -1055, 0],
		[50, "PAD26", "B", 3115, -1055, 0],
		[51, "PAD27", "T", 3215, -1055, 0],
		[52, "PAD27", "B", 3215, -1055, 0],
		[53, "PAD28", "T", 3215, -1205, 0],
		[54, "PAD28", "B", 3215, -1205, 0],
		[55, "PAD29", "T", 3115, -1205, 0],
		[56, "PAD29", "B", 3115, -1205, 0],
		[57, "PAD30", "T", 3015, -1205, 0],
		[58, "PAD30", "B", 3015, -1205, 0],
		[59, "PAD31", "T", 3020, -1657.04, 0],
		[60, "PAD32", "T", 3020, -1622.96, 0],
		[61, "PAD33", "T", 3150, -1657.04, 0],
		[62, "PAD34", "T", 3150, -1622.96, 0],
		[63, "PAD35", "T", 1405, -1437.04, 0],
		[64, "PAD36", "T", 1405, -1402.96, 0],
		[65, "PAD37", "T", 1505, -1437.04, 0],
		[66, "PAD38", "T", 1505, -1402.96, 0],
		[67, "PAD39", "T", 1555, -991.02, 0],
		[68, "PAD40", "T", 1505, -991.02, 0],
		[69, "PAD41", "T", 1455, -991.02, 0],
		[70, "PAD42", "T", 1405, -991.02, 0],
		[71, "PAD43", "T", 1555, -1268.98, 0],
		[72, "PAD44", "T", 1505, -1268.98, 0],
		[73, "PAD45", "T", 1455, -1268.98, 0],
		[74, "PAD46", "T", 1405, -1268.98, 0],
		[75, "PAD47", "T", 2949.015, -1726.495, 0],
		[76, "PAD48", "T", 2980.515, -1726.495, 0],
		[77, "PAD49", "T", 3025.795, -1726.495, 0],
		[78, "PAD50", "T", 3045.475, -1726.495, 0],
		[79, "PAD51", "T", 3065.155, -1726.495, 0],
		[80, "PAD52", "T", 3084.845, -1726.495, 0],
		[81, "PAD53", "T", 3104.525, -1726.495, 0],
		[82, "PAD54", "T", 3143.905, -1726.495, 0],
		[83, "PAD55", "T", 3169.495, -1726.495, 0],
		[84, "PAD56", "T", 3200.985, -1726.495, 0],
		[85, "PAD57", "T", 2904.725, -1748.145, 0],
		[86, "PAD57", "B", 2904.725, -1748.145, 0],
		[87, "PAD58", "T", 3245.275, -1748.145, 0],
		[88, "PAD58", "B", 3245.275, -1748.145, 0],
		[89, "PAD59", "T", 2904.725, -1913.505, 0],
		[90, "PAD59", "B", 2904.725, -1913.505, 0],
		[91, "PAD60", "T", 3245.275, -1913.505, 0],
		[92, "PAD60", "B", 3245.275, -1913.505, 0],
		[93, "PAD61", "T", 1454.469, -846.3654, 0],
		[94, "PAD62", "T", 1501.709, -846.3654, 0],
		[95, "PAD63", "T", 1548.949, -846.3654, 0]
	]
},
"pins": {
	"fields": ["PIN_NO", "PIN_NAME", "PIN_X", "PIN_Y", "LAYER", "PIN_TYPE", "NET_NAME", "NET_TYPE", "PAD_SHAPE", "PAD_SIZEX", "PAD_SIZEY", "HOLE_SIZE", "HOLE_LEN", "PAD_ANGLE"],
	"rows": [
		[1, "1_1", 1006.18, -738.74, "T", "DIP", "NET_1", "", "C", 47.992, 47.992, 25, 25, 0],
		[2, "1_1", 1006.18, -738.74, "B", "DIP", "NET_1", "", "C", 47.992, 47.992, 25, 25, 0],
		[3, "1_2", 1006.18, -561.58, "T", "DIP", "NET_2", "", "C", 47.992, 47.992, 25, 25, 0],
		[4, "1_2", 1006.18, -561.58, "B", "DIP", "NET_2", "", "C", 47.992, 47.992, 25, 25, 0],
		[5, "BT1_1", 2740.59, -840, "T", "DIP", "VCC", "", "C", 78.74, 78.74, 47.244, 47.244, 0],
		[6, "BT1_1", 2740.59, -840, "B", "DIP", "VCC", "", "C", 78.74, 78.74, 47.244, 47.244, 0],
		[7, "BT1_2", 1939.41, -840, "T", "DIP", "GND", "GND", "C", 78.74, 78.74, 47.244, 47.244, 0],
		[8, "BT1_2", 1939.41, -840, "B", "DIP", "GND", "GND", "C", 78.74, 78.74, 47.244, 47.244, 0],
		[9, "BUZZER1_1", 492.184, -1685, "T", "SMD", "$1N2139", "", "R", 98.425, 70.866, 0, 0, 0],
		[10, "BUZZER1_2", 137.824, -1685, "T", "SMD", "GND", "GND", "R", 98.425, 70.866, 0, 0, 0],
		[11, "C1_1", 416.302, -1228.649, "T", "SMD", "GND", "GND", "R", 55.512, 53.15, 0, 0, 0],
		[12, "C1_2", 495.042, -1228.649, "T", "SMD", "$1N496", "", "R", 55.512, 53.15, 0, 0, 0],
		[13, "C2_1", 1337.552, -846.3654, "T", "SMD", "GND", "GND", "R", 31.106, 21.26, 0, 0, 0],
		[14, "C2_2", 1380.472, -846.3654, "T", "SMD", "$1N1320", "", "R", 31.106, 21.26, 0, 0, 0],
		[15, "C3_1", 1622.946, -846.3654, "T", "SMD", "$1N1390", "", "R", 31.106, 21.26, 0, 0, 0],
		[16, "C3_2", 1665.866, -846.3654, "T", "SMD", "GND", "GND", "R", 31.106, 21.26, 0, 0, 0],
		[17, "D1_1", 2900, -1458.07, "T", "SMD", "VCC", "", "R", 43.307, 66.929, 0, 0, 90],
		[18, "D1_2", 2900, -1591.93, "T", "SMD", "$1N2427", "", "R", 43.307, 66.929, 0, 0, 90],
		[19, "D2_1", 3230, -1458.07, "T", "SMD", "VCC", "", "R", 43.307, 66.929, 0, 0, 90],
		[20, "D2_2", 3230, -1591.93, "T", "SMD", "$1N2465", "", "R", 43.307, 66.929, 0, 0, 90],
		[21, "H1_1", 3015, -1055, "T", "DIP", "VCC", "", "R", 66.929, 66.929, 43.308, 43.308, 0],
		[22, "H1_1", 3015, -1055, "B", "DIP", "VCC", "", "R", 66.929, 66.929, 43.308, 43.308, 0],
		[23, "H1_2", 3115, -1055, "T", "DIP", "GND", "GND", "C", 66.929, 66.929, 43.308, 43.308, 0],
		[24, "H1_2", 3115, -1055, "B", "DIP", "GND", "GND", "C", 66.929, 66.929, 43.308, 43.308, 0],
		[25, "H1_3", 3215, -1055, "T", "DIP", "RST", "", "C", 66.929, 66.929, 43.308, 43.308, 0],
		[26, "H1_3", 3215, -1055, "B", "DIP", "RST", "", "C", 66.929, 66.929, 43.308, 43.308, 0],
		[27, "H2_1", 3215, -1205, "T", "DIP", "$1N2133", "", "R", 66.929, 66.929, 43.308, 43.308, 180],
		[28, "H2_1", 3215, -1205, "B", "DIP", "$1N2133", "", "R", 66.929, 66.929, 43.308, 43.308, 180],
		[29, "H2_2", 3115, -1205, "T", "DIP", "$1N2139", "", "C", 66.929, 66.929, 43.308, 43.308, 180],
		[30, "H2_2", 3115, -1205, "B", "DIP", "$1N2139", "", "C", 66.929, 66.929, 43.308, 43.308, 180],
		[31, "H2_3", 3015, -1205, "T", "DIP", "$1N2776", "", "C", 66.929, 66.929, 43.308, 43.308, 180],
		[32, "H2_3", 3015, -1205, "B", "DIP", "$1N2776", "", "C", 66.929, 66.929, 43.308, 43.308, 180],
		[33, "LED1_1", 496.35, -1105, "T", "SMD", "$1N587", "", "R", 39.37, 55.1, 0, 0, 180],
		[34, "LED1_2", 413.65, -1105, "T", "SMD", "GND", "GND", "R", 39.37, 55.1, 0, 0, 180],
		[35, "R1_1", 680, -1125.63, "T", "SMD", "$1N587", "", "R", 44.588, 54.213, 0, 0, 270],
		[36, "R1_2", 680, -1204.37, "T", "SMD", "$1N496", "", "R", 44.588, 54.213, 0, 0, 270],
		[37, "R2_1", 3020, -1622.96, "T", "SMD", "GND", "GND", "R", 22.27, 21.26, 0, 0, 270],
		[38, "R2_2", 3020, -1657.04, "T", "SMD", "$1N2504", "", "R", 22.27, 21.26, 0, 0, 270],
		[39, "R3_1", 3150, -1622.96, "T", "SMD", "GND", "GND", "R", 22.27, 21.26, 0, 0, 270],
		[40, "R3_2", 3150, -1657.04, "T", "SMD", "$1N2543", "", "R", 22.27, 21.26, 0, 0, 270],
		[41, "R4_1", 1405, -1402.96, "T", "SMD", "$1N2776", "", "R", 22.27, 21.26, 0, 0, 270],
		[42, "R4_2", 1405, -1437.04, "T", "SMD", "D+", "", "R", 22.27, 21.26, 0, 0, 270],
		[43, "R5_1", 1505, -1402.96, "T", "SMD", "$1N2133", "", "R", 22.27, 21.26, 0, 0, 270],
		[44, "R5_2", 1505, -1437.04, "T", "SMD", "D-", "", "R", 22.27, 21.26, 0, 0, 270],
		[45, "U1_1", 1460.321, -440.592, "T", "SMD", "$1N656", "", "R", 19.685, 11.024, 0, 0, 90],
		[46, "U1_2", 1480.001, -440.592, "T", "SMD", "GND", "GND", "R", 19.685, 11.024, 0, 0, 90],
		[47, "U1_3", 1499.681, -440.592, "T", "SMD", "NET_3", "", "R", 19.685, 11.024, 0, 0, 90],
		[48, "U1_4", 1503.621, -415.002, "T", "SMD", "RST", "", "R", 17.717, 11.811, 0, 0, 180],
		[49, "U1_5", 1499.691, -389.412, "T", "SMD", "NET_4", "", "R", 19.685, 11.024, 0, 0, 90],
		[50, "U1_6", 1480.001, -389.412, "T", "SMD", "$1N496", "", "R", 19.685, 11.024, 0, 0, 90],
		[51, "U1_7", 1460.321, -389.412, "T", "SMD", "$1N496", "", "R", 19.685, 11.024, 0, 0, 90],
		[52, "U1_8", 1456.381, -415.002, "T", "SMD", "$1N646", "", "R", 17.717, 11.811, 0, 0, 180],
		[53, "U1_9", 1480.001, -415.002, "T", "SMD", "NET_5", "", "R", 11.811, 11.811, 0, 0, 180],
		[54, "U2_1", 1555, -991.02, "T", "SMD", "RST", "", "O", 24.803, 88.583, 0, 0, 180],
		[55, "U2_2", 1505, -991.02, "T", "SMD", "$1N1320", "", "O", 24.803, 88.583, 0, 0, 180],
		[56, "U2_3", 1455, -991.02, "T", "SMD", "$1N1390", "", "O", 24.803, 88.583, 0, 0, 180],
		[57, "U2_4", 1405, -991.02, "T", "SMD", "GND", "GND", "O", 24.803, 88.583, 0, 0, 180],
		[58, "U2_5", 1405, -1268.98, "T", "SMD", "$1N2776", "", "O", 24.803, 88.583, 0, 0, 180],
		[59, "U2_6", 1455, -1268.98, "T", "SMD", "$1N2139", "", "O", 24.803, 88.583, 0, 0, 180],
		[60, "U2_7", 1505, -1268.98, "T", "SMD", "$1N2133", "", "O", 24.803, 88.583, 0, 0, 180],
		[61, "U2_8", 1555, -1268.98, "T", "SMD", "VCC", "", "O", 24.803, 88.583, 0, 0, 180],
		[62, "USB1_1", 2949.015, -1726.495, "T", "SMD", "GND", "GND", "R", 21.654, 43.307, 0, 0, 0],
		[63, "USB1_2", 2980.515, -1726.495, "T", "SMD", "$1N2427", "", "R", 21.654, 43.307, 0, 0, 0],
		[64, "USB1_3", 3006.105, -1726.495, "T", "SMD", "NET_6", "", "R", 11.811, 43.307, 0, 0, 0],
		[65, "USB1_4", 3025.795, -1726.495, "T", "SMD", "$1N2504", "", "R", 11.811, 43.307, 0, 0, 0],
		[66, "USB1_5", 3045.475, -1726.495, "T", "SMD", "D-", "", "R", 11.811, 43.307, 0, 0, 0],
		[67, "USB1_6", 3065.155, -1726.495, "T", "SMD", "D+", "", "R", 11.811, 43.307, 0, 0, 0],
		[68, "USB1_7", 3084.845, -1726.495, "T", "SMD", "D+", "", "R", 11.811, 43.307, 0, 0, 0],
		[69, "USB1_8", 3104.525, -1726.495, "T", "SMD", "D-", "", "R", 11.811, 43.307, 0, 0, 0],
		[70, "USB1_9", 3124.215, -1726.495, "T", "SMD", "NET_7", "", "R", 11.811, 43.307, 0, 0, 0],
		[71, "USB1_10", 3143.905, -1726.495, "T", "SMD", "$1N2543", "", "R", 11.811, 43.307, 0, 0, 0],
		[72, "USB1_11", 3169.495, -1726.495, "T", "SMD", "$1N2465", "", "R", 21.654, 43.307, 0, 0, 0],
		[73, "USB1_12", 3200.985, -1726.495, "T", "SMD", "GND", "GND", "R", 21.654, 43.307, 0, 0, 0],
		[74, "USB1_13", 2904.725, -1748.145, "T", "DIP", "GND", "GND", "O", 43.307, 78.74, 23.622, 59.055, 0],
		[75, "USB1_13", 2904.725, -1748.145, "B", "DIP", "GND", "GND", "O", 43.307, 78.74, 23.622, 59.055, 0],
		[76, "USB1_13", 2904.725, -1913.505, "T", "DIP", "GND", "GND", "O", 47.244, 70.866, 23.622, 47.244, 0],
		[77, "USB1_13", 2904.725, -1913.505, "B", "DIP", "GND", "GND", "O", 47.244, 70.866, 23.622, 47.244, 0],
		[78, "USB1_14", 3245.275, -1748.145, "T", "DIP", "GND", "GND", "O", 43.307, 78.74, 23.622, 59.056, 0],
		[79, "USB1_14", 3245.275, -1748.145, "B", "DIP", "GND", "GND", "O", 43.307, 78.74, 23.622, 59.056, 0],
		[80, "USB1_14", 3245.275, -1913.505, "T", "DIP", "GND", "GND", "O", 47.244, 70.866, 23.622, 47.244, 0],
		[81, "USB1_14", 3245.275, -1913.505, "B", "DIP", "GND", "GND", "O", 47.244, 70.866, 23.622, 47.244, 0],
		[82, "X1_1", 1454.469, -846.3654, "T", "SMD", "$1N1390", "", "R", 25.591, 66.929, 0, 0, 0],
		[83, "X1_2", 1501.709, -846.3654, "T", "SMD", "GND", "GND", "R", 19.685, 66.929, 0, 0, 0],
		[84, "X1_3", 1548.949, -846.3654, "T", "SMD", "$1N1320", "", "R", 25.591, 66.929, 0, 0, 0],
		[85, "PAD1_2", 495.042, -1228.649, "T", "SMD", "$1N496", "", "R", 55.512, 53.15, 0, 0, 0],
		[86, "PAD2_1", 416.302, -1228.649, "T", "SMD", "GND", "GND", "R", 55.512, 53.15, 0, 0, 0],
		[87, "PAD3_2", 413.65, -1105, "T", "SMD", "GND", "GND", "R", 39.37, 55.1, 0, 0, 180],
		[88, "PAD4_1", 496.35, -1105, "T", "SMD", "$1N587", "", "R", 39.37, 55.1, 0, 0, 180],
		[89, "PAD5_2", 680, -1204.37, "T", "SMD", "$1N496", "", "R", 44.588, 54.213, 0, 0, 270],
		[90, "PAD6_1", 680, -1125.63, "T", "SMD", "$1N587", "", "R", 44.588, 54.213, 0, 0, 270],
		[91, "PAD7_1", 1460.321, -440.592, "T", "SMD", "$1N656", "", "R", 19.685, 11.024, 0, 0, 90],
		[92, "PAD8_2", 1480.001, -440.592, "T", "SMD", "GND", "GND", "R", 19.685, 11.024, 0, 0, 90],
		[93, "PAD9_4", 1503.621, -415.002, "T", "SMD", "RST", "", "R", 17.717, 11.811, 0, 0, 180],
		[94, "PAD10_6", 1480.001, -389.412, "T", "SMD", "$1N496", "", "R", 19.685, 11.024, 0, 0, 90],
		[95, "PAD11_7", 1460.321, -389.412, "T", "SMD", "$1N496", "", "R", 19.685, 11.024, 0, 0, 90],
		[96, "PAD12_8", 1456.381, -415.002, "T", "SMD", "$1N646", "", "R", 17.717, 11.811, 0, 0, 180],
		[97, "PAD13_1", 2740.59, -840, "T", "DIP", "VCC", "", "C", 78.74, 78.74, 47.244, 47.244, 0],
		[98, "PAD13_1", 2740.59, -840, "B", "DIP", "VCC", "", "C", 78.74, 78.74, 47.244, 47.244, 0],
		[99, "PAD14_2", 1939.41, -840, "T", "DIP", "GND", "GND", "C", 78.74, 78.74, 47.244, 47.244, 0],
		[100, "PAD14_2", 1939.41, -840, "B", "DIP", "GND", "GND", "C", 78.74, 78.74, 47.244, 47.244, 0],
		[101, "PAD15_1", 492.184, -1685, "T", "SMD", "$1N2139", "", "R", 98.425, 70.866, 0, 0, 0],
		[102, "PAD16_2", 137.824, -1685, "T", "SMD", "GND", "GND", "R", 98.425, 70.866, 0, 0, 0],
		[103, "PAD17_2", 1380.472, -846.3654, "T", "SMD", "$1N1320", "", "R", 31.106, 21.26, 0, 0, 0],
		[104, "PAD18_1", 1337.552, -846.3654, "T", "SMD", "GND", "GND", "R", 31.106, 21.26, 0, 0, 0],
		[105, "PAD19_2", 1665.866, -846.3654, "T", "SMD", "GND", "GND", "R", 31.106, 21.26, 0, 0, 0],
		[106, "PAD20_1", 1622.946, -846.3654, "T", "SMD", "$1N1390", "", "R", 31.106, 21.26, 0, 0, 0],
		[107, "PAD21_2", 2900, -1591.93, "T", "SMD", "$1N2427", "", "R", 43.307, 66.929, 0, 0, 90],
		[108, "PAD22_1", 2900, -1458.07, "T", "SMD", "VCC", "", "R", 43.307, 66.929, 0, 0, 90],
		[109, "PAD23_2", 3230, -1591.93, "T", "SMD", "$1N2465", "", "R", 43.307, 66.929, 0, 0, 90],
		[110, "PAD24_1", 3230, -1458.07, "T", "SMD", "VCC", "", "R", 43.307, 66.929, 0, 0, 90],
		[111, "PAD25_1", 3015, -1055, "T", "DIP", "VCC", "", "R", 66.929, 66.929, 43.308, 43.308, 0],
		[112, "PAD25_1", 3015, -1055, "B", "DIP", "VCC", "", "R", 66.929, 66.929, 43.308, 43.308, 0],
		[113, "PAD26_2", 3115, -1055, "T", "DIP", "GND", "GND", "C", 66.929, 66.929, 43.308, 43.308, 0],
		[114, "PAD26_2", 3115, -1055, "B", "DIP", "GND", "GND", "C", 66.929, 66.929, 43.308, 43.308, 0],
		[115, "PAD27_3", 3215, -1055, "T", "DIP", "RST", "", "C", 66.929, 66.929, 43.308, 43.308, 0],
		[116, "PAD27_3", 3215, -1055, "B", "DIP", "RST", "", "C", 66.929, 66.929, 43.308, 43.308, 0],
		[117, "PAD28_1", 3215, -1205, "T", "DIP", "$1N2133", "", "R", 66.929, 66.929, 43.308, 43.308, 180],
		[118, "PAD28_1", 3215, -1205, "B", "DIP", "$1N2133", "", "R", 66.929, 66.929, 43.308, 43.308, 180],
		[119, "PAD29_2", 3115, -1205, "T", "DIP", "$1N2139", "", "C", 66.929, 66.929, 43.308, 43.308, 180],
		[120, "PAD29_2", 3115, -1205, "B", "DIP", "$1N2139", "", "C", 66.929, 66.929, 43.308, 43.308, 180],
		[121, "PAD30_3", 3015, -1205, "T", "DIP", "$1N2776", "", "C", 66.929, 66.929, 43.308, 43.308, 180],
		[122, "PAD30_3", 3015, -1205, "B", "DIP", "$1N2776", "", "C", 66.929, 66.929, 43.308, 43.308, 180],
		[123, "PAD31_2", 3020, -1657.04, "T", "SMD", "$1N2504", "", "R", 22.27, 21.26, 0, 0, 270],
		[124, "PAD32_1", 3020, -1622.96, "T", "SMD", "GND", "GND", "R", 22.27, 21.26, 0, 0, 270],
		[125, "PAD33_2", 3150, -1657.04, "T", "SMD", "$1N2543", "", "R", 22.27, 21.26, 0, 0, 270],
		[126, "PAD34_1", 3150, -1622.96, "T", "SMD", "GND", "GND", "R", 22.27, 21.26, 0, 0, 270],
		[127, "PAD35_2", 1405, -1437.04, "T", "SMD", "D+", "", "R", 22.27, 21.26, 0, 0, 270],
		[128, "PAD36_1", 1405, -1402.96, "T", "SMD", "$1N2776", "", "R", 22.27, 21.26, 0, 0, 270],
		[129, "PAD37_2", 1505, -1437.04, "T", "SMD", "D-", "", "R", 22.27, 21.26, 0, 0, 270],
		[130, "PAD38_1", 1505, -1402.96, "T", "SMD", "$1N2133", "", "R", 22.27, 21.26, 0, 0, 270],
		[131, "PAD39_1", 1555, -991.02, "T", "SMD", "RST", "", "O", 24.803, 88.583, 0, 0, 180],
		[132, "PAD40_2", 1505, -991.02, "T", "SMD", "$1N1320", "", "O", 24.803, 88.583, 0, 0, 180],
		[133, "PAD41_3", 1455, -991.02, "T", "SMD", "$1N1390", "", "O", 24.803, 88.583, 0, 0, 180],
		[134, "PAD42_4", 1405, -991.02, "T", "SMD", "GND", "GND", "O", 24.803, 88.583, 0, 0, 180],
		[135, "PAD43_8", 1555, -1268.98, "T", "SMD", "VCC", "", "O", 24.803, 88.583, 0, 0, 180],
		[136, "PAD44_7", 1505, -1268.98, "T", "SMD", "$1N2133", "", "O", 24.803, 88.583, 0, 0, 180],
		[137, "PAD45_6", 1455, -1268.98, "T", "SMD", "$1N2139", "", "O", 24.803, 88.583, 0, 0, 180],
		[138, "PAD46_5", 1405, -1268.98, "T", "SMD", "$1N2776", "", "O", 24.803, 88.583, 0, 0, 180],
		[139, "PAD47_1", 2949.015, -1726.495, "T", "SMD", "GND", "GND", "R", 21.654, 43.307, 0, 0, 0],
		[140, "PAD48_2", 2980.515, -1726.495, "T", "SMD", "$1N2427", "", "R", 21.654, 43.307, 0, 0, 0],
		[141, "PAD49_4", 3025.795, -1726.495, "T", "SMD", "$1N2504", "", "R", 11.811, 43.307, 0, 0, 0],
		[142, "PAD50_5", 3045.475, -1726.495, "T", "SMD", "D-", "", "R", 11.811, 43.307, 0, 0, 0],
		[143, "PAD51_6", 3065.155, -1726.495, "T", "SMD", "D+", "", "R", 11.811, 43.307, 0, 0, 0],
		[144, "PAD52_7", 3084.845, -1726.495, "T", "SMD", "D+", "", "R", 11.811, 43.307, 0, 0, 0],
		[145, "PAD53_8", 3104.525, -1726.495, "T", "SMD", "D-", "", "R", 11.811, 43.307, 0, 0, 0],
		[146, "PAD54_10", 3143.905, -1726.495, "T", "SMD", "$1N2543", "", "R", 11.811, 43.307, 0, 0, 0],
		[147, "PAD55_11", 3169.495, -1726.495, "T", "SMD", "$1N2465", "", "R", 21.654, 43.307, 0, 0, 0],
		[148, "PAD56_12", 3200.985, -1726.495, "T", "SMD", "GND", "GND", "R", 21.654, 43.307, 0, 0, 0],
		[149, "PAD57_13", 2904.725, -1748.145, "T", "DIP", "GND", "GND", "O", 43.307, 78.74, 23.622, 59.055, 0],
		[150, "PAD57_13", 2904.725, -1748.145, "B", "DIP", "GND", "GND", "O", 43.307, 78.74, 23.622, 59.055, 0],
		[151, "PAD58_14", 3245.275, -1748.145, "T", "DIP", "GND", "GND", "O", 43.307, 78.74, 23.622, 59.056, 0],
		[152, "PAD58_14", 3245.275, -1748.145, "B", "DIP", "GND", "GND", "O", 43.307, 78.74, 23.622, 59.056, 0],
		[153, "PAD59_13", 2904.725, -1913.505, "T", "DIP", "GND", "GND", "O", 47.244, 70.866, 23.622, 47.244, 0],
		[154, "PAD59_13", 2904.725, -1913.505, "B", "DIP", "GND", "GND", "O", 47.244, 70.866, 23.622, 47.244, 0],
		[155, "PAD60_14", 3245.275, -1913.505, "T", "DIP", "GND", "GND", "O", 47.244, 70.866, 23.622, 47.244, 0],
		[156, "PAD60_14", 3245.275, -1913.505, "B", "DIP", "GND", "GND", "O", 47.244, 70.866, 23.622, 47.244, 0],
		[157, "PAD61_1", 1454.469, -846.3654, "T", "SMD", "$1N1390", "", "R", 25.591, 66.929, 0, 0, 0],
		[158, "PAD62_2", 1501.709, -846.3654, "T", "SMD", "GND", "GND", "R", 19.685, 66.929, 0, 0, 0],
		[159, "PAD63_3", 1548.949, -846.3654, "T", "SMD", "$1N1320", "", "R", 25.591, 66.929, 0, 0, 0]
	]
}
}